00de065a382b83a283ba6b75cc0140cfc0c6542b8c7a35fd3d9245abf014a57a	APPLY_AND_ROLLBACK_AR.md
71ffae68c1dc7b35d45e015fd036a70b050513bc5cf69391124137e1c3f7dd9e	docs/BUILD_PROGRESS.md
6f09c463cdbd395a2663eabcfd5a34cb4adee0fa228432593b71f6dcac858ddd	docs/DAY2_V1_DESIGN_PORT_HANDOFF_AR.md
3b1f03d7a878e03ca07d0d14f6ac7f9f5d07028f6d6aa89c2ef9f6bcf8a787d6	frontend/src/app/app.routes.ts
c1a50ac3ba6075f5ce2fb0f8c48b549a234a856c7c0224a4c8202eb889964f38	frontend/src/app/core/config/role-availability.ts
6542caebe21deb0079a5808d13059b5b5b82f1b94cd8fcfba0af1fb5b5c25231	frontend/src/app/core/guards/role.guard.ts
ea63494433abca637a287769c40f351749f279e4ed8f244dbb4d619a11811ae4	frontend/src/app/features/admin/accounts/admin-accounts.page.html
3080831305986163c1471eab36cef4c09a1ea33e0354fd719cd4c95fbfee9488	frontend/src/app/features/admin/ai-processing/ai-processing.page.html
5eef40562b52d4408249aa602e24d3d19d7c95c0b93c0a5318c2a878fe9830f0	frontend/src/app/features/admin/ai-processing/ai-processing.page.scss
45b6216fea5fa60e66c2ffbec432d102a03ac5a334aca119cb2d2e8b9951a3ad	frontend/src/app/features/admin/ai-processing/ai-processing.page.spec.ts
faa1a8c15138c1b22f5c5b7834255c95ef6cc882ac77fdab95dbabcd3348e4ef	frontend/src/app/features/admin/ai-processing/ai-processing.page.ts
226713b485229dabf72893c2cc2c4bb6303fe21d4c6005f25a10e6d49bac5684	frontend/src/app/features/admin/curriculums/curriculums.page.html
5eef40562b52d4408249aa602e24d3d19d7c95c0b93c0a5318c2a878fe9830f0	frontend/src/app/features/admin/curriculums/curriculums.page.scss
a4c4f0fcf4e54d3008894863aa7d862a1c97941fe529fa4c5f2b1fd4ccd05c9e	frontend/src/app/features/admin/curriculums/curriculums.page.spec.ts
c12b2c4e90a36f0f49050b3b12df0c08536b5666931f7fb1da31bc7cb18e99d4	frontend/src/app/features/admin/curriculums/curriculums.page.ts
6c54a176b2c33287ca79b3de1b5bdf3e90d6b09835450ae0c6f7cef93a85df04	frontend/src/app/features/admin/dashboard/admin-dashboard.page.ts
f4d378b8ee58a58a0ff0c15a13d3f1324a6c8f52bc6f570b9189bc1109c8b6e2	frontend/src/app/features/admin/groups/groups.page.html
5eef40562b52d4408249aa602e24d3d19d7c95c0b93c0a5318c2a878fe9830f0	frontend/src/app/features/admin/groups/groups.page.scss
84a41e7768159f92bdd81ac849b7f828b0a0de94dcd72cb2dca823fb1be06f61	frontend/src/app/features/admin/groups/groups.page.spec.ts
e4fad8624b28b44192b97e350f1577f96592045567f88f6b49505aec43889ec4	frontend/src/app/features/admin/groups/groups.page.ts
218f0783c5f081bb7a10a6f2d4da5f9d60dfdf2f2e4094a8311cf8517bc67c0e	frontend/src/app/features/admin/lesson-builder/lesson-builder.page.html
5eef40562b52d4408249aa602e24d3d19d7c95c0b93c0a5318c2a878fe9830f0	frontend/src/app/features/admin/lesson-builder/lesson-builder.page.scss
9b4ed09a34d336a7373b482e60e287a294b13cbcc1730ff938c5bfdcedd88a03	frontend/src/app/features/admin/lesson-builder/lesson-builder.page.spec.ts
159131c488e80f36def2073ff7c69d2a6613370680030f5ee237f3d0d815e2f0	frontend/src/app/features/admin/lesson-builder/lesson-builder.page.ts
dcf17db5ffe644c7e7d8f74dd25406a7c7664a0b511ad3e0f00cc02dab0308ac	frontend/src/app/features/admin/lessons/lessons.page.html
5eef40562b52d4408249aa602e24d3d19d7c95c0b93c0a5318c2a878fe9830f0	frontend/src/app/features/admin/lessons/lessons.page.scss
148ff27e68cf6c0f61ee6b136636788fa75a194206be8581e81a3ffe1c378237	frontend/src/app/features/admin/lessons/lessons.page.spec.ts
3008d0b2b842de2d093a3f8351afcbd5437ca14eb71ea2355e184fd40f831391	frontend/src/app/features/admin/lessons/lessons.page.ts
a4c97e27645419c28eacac839cd5c6c8940bcb000d55baae3714b9e4a2705248	frontend/src/app/features/admin/reports/reports.page.html
1ca22c39a56ad830b77ae28da93d94f7fe88b835fb6b0fc00c9cac12f5fff88b	frontend/src/app/features/admin/reports/reports.page.scss
14b58f3a948ab81cff015cb5d6ed234c596174455688754d84f02605c28e7566	frontend/src/app/features/admin/reports/reports.page.spec.ts
293f0a2c59846c4773566d4169f57e13e417b91c528faee2a59215d05310817d	frontend/src/app/features/admin/reports/reports.page.ts
8ee1e4971dde69228eaf6acd24bf20120a9e978ccb5b3328baab2ab9bbeaaf2a	frontend/src/app/features/admin/settings/settings.page.html
5eef40562b52d4408249aa602e24d3d19d7c95c0b93c0a5318c2a878fe9830f0	frontend/src/app/features/admin/settings/settings.page.scss
e739e54d839cf29747c982ef1af9537d9de1475e928c007a6033870a3a2439ea	frontend/src/app/features/admin/settings/settings.page.spec.ts
2ab0e39d0f2bce18686532db1743812c9b70f376429308e76bd0dc2221f5eb45	frontend/src/app/features/admin/settings/settings.page.ts
5521dabb59d33a4d9919bcb4696b2495731d05da5e03e787076dc15bacbcc536	frontend/src/app/features/admin/students/students.page.html
5eef40562b52d4408249aa602e24d3d19d7c95c0b93c0a5318c2a878fe9830f0	frontend/src/app/features/admin/students/students.page.scss
cce13ddd3d523a4563f1ba7cdbc278561778558032a226861e133ccdce365f09	frontend/src/app/features/admin/students/students.page.spec.ts
1d99b2eaebe46bb0b1b8093916f0c9b981303ed98c611272e0336083881a3966	frontend/src/app/features/admin/students/students.page.ts
f3f9036856da9f7c968439dc3edc8e6b2029c7d0e9c19e8d5d25e24949f036b4	frontend/src/app/features/admin/subscriptions/subscriptions.page.html
5eef40562b52d4408249aa602e24d3d19d7c95c0b93c0a5318c2a878fe9830f0	frontend/src/app/features/admin/subscriptions/subscriptions.page.scss
36e5248ecf24f894f7943cfda82c9bc1c17a9eec80646ec21da385025a472492	frontend/src/app/features/admin/subscriptions/subscriptions.page.spec.ts
d77b9bd008cf735149201f1e40df179107c115f74b2521dc7be43388ac03cf3e	frontend/src/app/features/admin/subscriptions/subscriptions.page.ts
fad257f0868e1c5e176a1423dc0735f5909d4826030701aa19ab70af0d5c1637	frontend/src/app/features/admin/supervisors/supervisors.page.html
5eef40562b52d4408249aa602e24d3d19d7c95c0b93c0a5318c2a878fe9830f0	frontend/src/app/features/admin/supervisors/supervisors.page.scss
96ec6e9ba1f1a8e8bb69563ed233a8c3085e5fa9d5e85cefff088e5f4119c9b6	frontend/src/app/features/admin/supervisors/supervisors.page.spec.ts
10b693c4d1d6d74c7b49747aabe52ce76bc8bdddc417d85260ad37ff1f7f3d1f	frontend/src/app/features/admin/supervisors/supervisors.page.ts
fd5515a48d1748199e353932530cb3214776030c1fdde14de16f973bf5002d02	frontend/src/app/features/admin/teachers/teachers.page.html
5eef40562b52d4408249aa602e24d3d19d7c95c0b93c0a5318c2a878fe9830f0	frontend/src/app/features/admin/teachers/teachers.page.scss
e216bf6827169fee736bd809b5537dfbc1aaade8aaf5caa2607e3516960d5dfc	frontend/src/app/features/admin/teachers/teachers.page.spec.ts
aed5a44a706fcf459782a5c0c42bf6c634b6737c6d35e6ffcba1cf86a697bd6d	frontend/src/app/features/admin/teachers/teachers.page.ts
cca98df9dbe89e280db9039273e40d1c6e7ebad262a98efa6ba23c340e578913	frontend/src/app/features/admin/weekly-summaries/weekly-summaries.page.html
1ca22c39a56ad830b77ae28da93d94f7fe88b835fb6b0fc00c9cac12f5fff88b	frontend/src/app/features/admin/weekly-summaries/weekly-summaries.page.scss
a81078c6b4159c89bf1fb5e6f697e91a529b7fbc94d6175983553dffe5739a4b	frontend/src/app/features/admin/weekly-summaries/weekly-summaries.page.spec.ts
897b435e375a2ca2976b1d97ae0b098109c9e2da748c756076433e3672b2ea9d	frontend/src/app/features/admin/weekly-summaries/weekly-summaries.page.ts
706c8cee954a8724269207568d9b0d9ef9af896cf68c6dadcffda643983e8212	frontend/src/app/features/student/curriculum/curriculum.page.html
5eef40562b52d4408249aa602e24d3d19d7c95c0b93c0a5318c2a878fe9830f0	frontend/src/app/features/student/curriculum/curriculum.page.scss
385a9d310b9b76d5b0e0e78106718f5f6e9407c201ed23daa72ba36006fc0ea3	frontend/src/app/features/student/curriculum/curriculum.page.spec.ts
289307ba7f61225c64ac1e7f2a70c962a038506101ee183726c8371ebae8404a	frontend/src/app/features/student/curriculum/curriculum.page.ts
0b12415a3344c7ea9692f20dd18ed77d401c2d471675042db65aa7bbb1aa91c7	frontend/src/app/features/student/dashboard/student-dashboard.page.html
5eef40562b52d4408249aa602e24d3d19d7c95c0b93c0a5318c2a878fe9830f0	frontend/src/app/features/student/dashboard/student-dashboard.page.scss
27da509a784fdafff401b5352d913d3634b36461b1cbaea197c23627f5eec00d	frontend/src/app/features/student/dashboard/student-dashboard.page.spec.ts
54d6b62ec384fd37fab1755e22bbb0f0fb219fd3b5c104058bf7dd0ee754aee3	frontend/src/app/features/student/dashboard/student-dashboard.page.ts
b315b3f3c94b97f4e171a935b28233b6757bcec9f8b542c82b01c017c830541a	frontend/src/app/features/student/knowledge-bank/knowledge-bank.page.html
5eef40562b52d4408249aa602e24d3d19d7c95c0b93c0a5318c2a878fe9830f0	frontend/src/app/features/student/knowledge-bank/knowledge-bank.page.scss
7b7e0912e7bd985371546999742944cd48b5c8f67b28f040d0aab0c75737ab9c	frontend/src/app/features/student/knowledge-bank/knowledge-bank.page.spec.ts
4833a2365dae147af7a14d50ec943774f88c647c331aaf3260d692ed744e6ff1	frontend/src/app/features/student/knowledge-bank/knowledge-bank.page.ts
e8675dfd0321a3b3c7f78a8c96ca8e40bb960b62a072c45871b71f7af291b803	frontend/src/app/features/student/lesson/conversation/conversation.page.html
5eef40562b52d4408249aa602e24d3d19d7c95c0b93c0a5318c2a878fe9830f0	frontend/src/app/features/student/lesson/conversation/conversation.page.scss
2a0f1804a0395003210fc838caf91fb7535ed56fd781ddf105c2dfceda648c43	frontend/src/app/features/student/lesson/conversation/conversation.page.spec.ts
48a1a3bd153cb853b94154fda5c98039f08be1e29423ddf4c36127235592ee0f	frontend/src/app/features/student/lesson/conversation/conversation.page.ts
99435110c1105bb8eeabb4301b097d5fb7854a4e4a9c9f98621ad05943e88776	frontend/src/app/features/student/lesson/listen-type/listen-type.page.html
5eef40562b52d4408249aa602e24d3d19d7c95c0b93c0a5318c2a878fe9830f0	frontend/src/app/features/student/lesson/listen-type/listen-type.page.scss
71497403d336434dae038fa52badf3d4a7c768ed4c1f82c8a3fc9cda75d0f7a7	frontend/src/app/features/student/lesson/listen-type/listen-type.page.spec.ts
04ecbca49b585a9bf095d1ae8646763444a6895e1aa397c143eee80824c43879	frontend/src/app/features/student/lesson/listen-type/listen-type.page.ts
3c800dd5007b77590879d91d734796cfaa7f57bb832d406ae76c23283d0e6b98	frontend/src/app/features/student/lesson/overview/overview.page.html
5eef40562b52d4408249aa602e24d3d19d7c95c0b93c0a5318c2a878fe9830f0	frontend/src/app/features/student/lesson/overview/overview.page.scss
19f0d97260d269811c73aadcd075713c6f36c827560ad72a06f3817d72a194b2	frontend/src/app/features/student/lesson/overview/overview.page.spec.ts
2239416391e4c24250278153cc263b305858996fffba11c69c8eeb292edf42eb	frontend/src/app/features/student/lesson/overview/overview.page.ts
10a0d89641fd64f7e8bb8005db2c2ac05747685f9d10a8228d1f94e8d4ffe319	frontend/src/app/features/student/lesson/quiz/quiz.page.html
5eef40562b52d4408249aa602e24d3d19d7c95c0b93c0a5318c2a878fe9830f0	frontend/src/app/features/student/lesson/quiz/quiz.page.scss
79f470196ec5edadccfab803b903bde3b50c248547b76b2d2bd1d55e877daa15	frontend/src/app/features/student/lesson/quiz/quiz.page.spec.ts
962aa0471f2be076d71d189b352111ab811a2e81165c19ef42abf426c369ee74	frontend/src/app/features/student/lesson/quiz/quiz.page.ts
9563f36c21d18288af4fd6d3f5c6766a63fdc42595e33c915bb01afae47d99f6	frontend/src/app/features/student/lesson/shadowing/shadowing.page.html
5eef40562b52d4408249aa602e24d3d19d7c95c0b93c0a5318c2a878fe9830f0	frontend/src/app/features/student/lesson/shadowing/shadowing.page.scss
b08b718ddc76a1c56c57fea6d49cd16e0030fd0bfb03f669c50b5f95358cba1c	frontend/src/app/features/student/lesson/shadowing/shadowing.page.spec.ts
c3709a122c0914c5327942118532ea8f8f6b22ba30e64658daa8b9e820c91cb8	frontend/src/app/features/student/lesson/shadowing/shadowing.page.ts
96e869b0ed2896b276d5f8733b1e80a1bedad79bba58123fd6fd4c4ea0306628	frontend/src/app/features/student/lesson/vocabulary/vocabulary.page.html
5eef40562b52d4408249aa602e24d3d19d7c95c0b93c0a5318c2a878fe9830f0	frontend/src/app/features/student/lesson/vocabulary/vocabulary.page.scss
b2b700272525865acf1d1bd888cc6c0af2adfcd0a8ca583541615e28bc4180aa	frontend/src/app/features/student/lesson/vocabulary/vocabulary.page.spec.ts
438a3a22d79ef5d8ad0b0ca79e0d8536a82d8fa80670293c10428b38e4d2936c	frontend/src/app/features/student/lesson/vocabulary/vocabulary.page.ts
bfcaf42c7170bea27e0eaecb621a3aeee71d5ab30a0c201f3dc069748db91951	frontend/src/app/features/student/messages/messages.page.html
5eef40562b52d4408249aa602e24d3d19d7c95c0b93c0a5318c2a878fe9830f0	frontend/src/app/features/student/messages/messages.page.scss
d82541c3b69cc0dba67cd936c806640682f0466a29c93fa8825149496ac283aa	frontend/src/app/features/student/messages/messages.page.spec.ts
d75ec70dc43464476280a34f7816c5338ee5ec354244368d12b4674b6478ff40	frontend/src/app/features/student/messages/messages.page.ts
b6ffd26f8d968ca94a138723d8191f43cdbc34f687a84d8f1292ee987f809664	frontend/src/app/features/student/progress/progress.page.html
5eef40562b52d4408249aa602e24d3d19d7c95c0b93c0a5318c2a878fe9830f0	frontend/src/app/features/student/progress/progress.page.scss
16198feb36325fbe24cc778854515f7a7c3dc53aac34523ae2a38dd000f3c8dc	frontend/src/app/features/student/progress/progress.page.spec.ts
f5394eecc1641f9513accd11fc7f516d0f07f0d6c7be24486ad4402011275042	frontend/src/app/features/student/progress/progress.page.ts
92239a45b30f1aece18a729d4a3cdaee0d8313f274e3fb9364cc63b2e1d0fb7c	frontend/src/app/features/student/recordings/recordings.page.html
5eef40562b52d4408249aa602e24d3d19d7c95c0b93c0a5318c2a878fe9830f0	frontend/src/app/features/student/recordings/recordings.page.scss
3b94d56c53baa506d023c200d652a2b37c17742ad50941d1ddb5c8a273eea89d	frontend/src/app/features/student/recordings/recordings.page.spec.ts
1c7c29758fb72345ac1a39f342461894d1c6e14daa83e650095f2a5c9af07216	frontend/src/app/features/student/recordings/recordings.page.ts
24414bb92384e0473fe0c7c6d1c7d4a8c328084023b20bd88a5bd9c1f4ac7ba3	frontend/src/app/features/supervisor/dashboard/dashboard.page.html
5eef40562b52d4408249aa602e24d3d19d7c95c0b93c0a5318c2a878fe9830f0	frontend/src/app/features/supervisor/dashboard/dashboard.page.scss
bcb06655d60c39bf1a18c67ac6035940fee6025ebe455456aba0ca647e39cc39	frontend/src/app/features/supervisor/dashboard/dashboard.page.spec.ts
11628ac7825156cda50b3f527ec84266b84120cece81e300d6cbfb59869333fd	frontend/src/app/features/supervisor/dashboard/dashboard.page.ts
bfcaf42c7170bea27e0eaecb621a3aeee71d5ab30a0c201f3dc069748db91951	frontend/src/app/features/supervisor/messages/messages.page.html
5eef40562b52d4408249aa602e24d3d19d7c95c0b93c0a5318c2a878fe9830f0	frontend/src/app/features/supervisor/messages/messages.page.scss
a19b1eec966a08ecf25a7df1ed024498246d7c00c497a0e5e4d287bb086ed422	frontend/src/app/features/supervisor/messages/messages.page.spec.ts
d083acdd2e7874b4b7203872a21d737fffe159e3ca451c0cb48192d129e95840	frontend/src/app/features/supervisor/messages/messages.page.ts
23e2fae10a588a59ff3a06fd347c47ac62ec0bb8a87bb33d7716d05e3389f6ca	frontend/src/app/features/supervisor/reports/reports.page.html
5eef40562b52d4408249aa602e24d3d19d7c95c0b93c0a5318c2a878fe9830f0	frontend/src/app/features/supervisor/reports/reports.page.scss
7b0d02184d6aec8a8a59af89576f40368bd11934c736ef8b2d2c6b84e3d881c4	frontend/src/app/features/supervisor/reports/reports.page.spec.ts
afbd8e2987d07ee79b0058c59a05411b8bb07d4f13cc68b4388ee287ebbbefdb	frontend/src/app/features/supervisor/reports/reports.page.ts
5521dabb59d33a4d9919bcb4696b2495731d05da5e03e787076dc15bacbcc536	frontend/src/app/features/supervisor/students/students.page.html
5eef40562b52d4408249aa602e24d3d19d7c95c0b93c0a5318c2a878fe9830f0	frontend/src/app/features/supervisor/students/students.page.scss
bb2415e72a6f1104dd969db4a33932d5d8d2ff42ad27a7c16d9bcba5f8fbc9ff	frontend/src/app/features/supervisor/students/students.page.spec.ts
f549bd82e7d0dd6b85941886c91eb2dfef88216a866927b0cb6d554fa7892aee	frontend/src/app/features/supervisor/students/students.page.ts
fd5515a48d1748199e353932530cb3214776030c1fdde14de16f973bf5002d02	frontend/src/app/features/supervisor/teachers/teachers.page.html
5eef40562b52d4408249aa602e24d3d19d7c95c0b93c0a5318c2a878fe9830f0	frontend/src/app/features/supervisor/teachers/teachers.page.scss
bd7a85605cf441d85ba50148eaeb9617765fec8e49154e227e41f2074c64d20a	frontend/src/app/features/supervisor/teachers/teachers.page.spec.ts
df3f7513b6f27ec87526658b094a501d1528557fc0ee84056bb67ae935e8e53b	frontend/src/app/features/supervisor/teachers/teachers.page.ts
fd4d358f9231ce285aa459cb8016595719ae28858921fedb8ef65aaabbceb74b	frontend/src/app/features/supervisor/weekly-summary/weekly-summary.page.html
5eef40562b52d4408249aa602e24d3d19d7c95c0b93c0a5318c2a878fe9830f0	frontend/src/app/features/supervisor/weekly-summary/weekly-summary.page.scss
f3d39a1bc854111950d9211d131cc9e71e969dcf5050cb7192e9b9556bcdc60e	frontend/src/app/features/supervisor/weekly-summary/weekly-summary.page.spec.ts
dc19fd8680bdba0019bae3080b6a1b5810e3b9c409cb07fd2c774e43c125ee81	frontend/src/app/features/supervisor/weekly-summary/weekly-summary.page.ts
f7817cdc83d1b461e7b2645658b5e3fc8fa508b0e29109cc3b63906cb4b6922d	frontend/src/app/features/teacher/dashboard/dashboard.page.html
5eef40562b52d4408249aa602e24d3d19d7c95c0b93c0a5318c2a878fe9830f0	frontend/src/app/features/teacher/dashboard/dashboard.page.scss
50250ce6890c612baa6fa38c14fc6dfb0e05f44416b4bd076fecad65ec137a0b	frontend/src/app/features/teacher/dashboard/dashboard.page.spec.ts
a2e0011423f00c7af5232cc336fd34c3de9ddcdc7bf598ff9e19ae5a450b580a	frontend/src/app/features/teacher/dashboard/dashboard.page.ts
bb804acf998443d468a954e1ed25226c98f946fd3cb09d8cc3ee2e2b5245b051	frontend/src/app/features/teacher/feedback/feedback.page.html
5eef40562b52d4408249aa602e24d3d19d7c95c0b93c0a5318c2a878fe9830f0	frontend/src/app/features/teacher/feedback/feedback.page.scss
6e7dbed98a36adaa303faf0dbb491ffa45fc3446cafa7ecd5760fe346770a78c	frontend/src/app/features/teacher/feedback/feedback.page.spec.ts
bda4c5669f0f0638f5b1f3b0b2e3280fcddba1fed70e33ffdc6ed2e571d2b28e	frontend/src/app/features/teacher/feedback/feedback.page.ts
bfcaf42c7170bea27e0eaecb621a3aeee71d5ab30a0c201f3dc069748db91951	frontend/src/app/features/teacher/messages/messages.page.html
5eef40562b52d4408249aa602e24d3d19d7c95c0b93c0a5318c2a878fe9830f0	frontend/src/app/features/teacher/messages/messages.page.scss
4d741c96a39ba7ae7557d6790290e74a6a581fafde196b9436d703673920adff	frontend/src/app/features/teacher/messages/messages.page.spec.ts
6021cf5e8387ac6c337511173b453b6b49d8c99b7972cab676f3c6baf7d93ed5	frontend/src/app/features/teacher/messages/messages.page.ts
0ee6efc388238e7f5b8aa7edf90758d25f0f988a8e4ddaebc9de1016941ec8a6	frontend/src/app/features/teacher/progress/progress.page.html
5eef40562b52d4408249aa602e24d3d19d7c95c0b93c0a5318c2a878fe9830f0	frontend/src/app/features/teacher/progress/progress.page.scss
7510d4deec662a330081fbe20158b9968739a341d92a6d6686c9ee27fb142341	frontend/src/app/features/teacher/progress/progress.page.spec.ts
6f7d4f927b24dcb9a4b85dd9873b9cf7f13bfac6061dcdbefb62ade5da7dc1a7	frontend/src/app/features/teacher/progress/progress.page.ts
3bda116e7e9e90316e29e32855a09a410335cb315352fad543a1b35a96fce0d0	frontend/src/app/features/teacher/recordings/recordings.page.html
5eef40562b52d4408249aa602e24d3d19d7c95c0b93c0a5318c2a878fe9830f0	frontend/src/app/features/teacher/recordings/recordings.page.scss
fa67f7f1c9aa0317b07bd5b1052bbfb267cb44300e12a656c59150a922e2d33d	frontend/src/app/features/teacher/recordings/recordings.page.spec.ts
b53d06b5e41980bc736867228acf8e6e976fc6a55699655c4dade7850c9f6b3e	frontend/src/app/features/teacher/recordings/recordings.page.ts
5521dabb59d33a4d9919bcb4696b2495731d05da5e03e787076dc15bacbcc536	frontend/src/app/features/teacher/students/students.page.html
5eef40562b52d4408249aa602e24d3d19d7c95c0b93c0a5318c2a878fe9830f0	frontend/src/app/features/teacher/students/students.page.scss
d2d92d53a99eb4243afb037ffb825ce058d08115899d707e8ad64e3a93dda626	frontend/src/app/features/teacher/students/students.page.spec.ts
0e75363655464670352684729866cdabf8f043fe3d8e834f5ee7f066d071f8c5	frontend/src/app/features/teacher/students/students.page.ts
11a76186372bab68999ad542f734cf7e7f748cc6d889aeacd720b47470a566b4	frontend/src/app/shared/layouts/admin-layout/admin-layout.html
a89c926f608820d64cd4e0385c4ca1533dd87daa56eee90d115916390ccc0686	frontend/src/app/shared/layouts/admin-layout/admin-layout.scss
e90f72ba2c742357e5eae6676a018afe8ccf0712a9de899eb72bdaf8bbc0a71c	frontend/src/app/shared/layouts/admin-layout/admin-layout.ts
427de7c7c9f0c398a74db4cc30913929b361f1468c1abf5d188b59d9af160732	frontend/src/app/shared/layouts/student-layout/student-layout.html
951c7ecd6c36fd5095072ae217d9ae0a38756930feda7fc79016591d6785df4a	frontend/src/app/shared/layouts/student-layout/student-layout.scss
6f58e991382024aca1dca95583e50d1cc53e0f851d10218689c695683d3d58a6	frontend/src/app/shared/layouts/student-layout/student-layout.ts
cf57d0c842b75d3efa14e482beb8a4e04ac478c65dae47c154054b9efc6374ec	frontend/src/app/shared/layouts/supervisor-layout/supervisor-layout.html
e3b0c44298fc1c149afbf4c8996fb92427ae41e4649b934ca495991b7852b855	frontend/src/app/shared/layouts/supervisor-layout/supervisor-layout.scss
27a86a13481333299d6be6fb44563b619fa5b860d0e8600f5ebc027377cc9f87	frontend/src/app/shared/layouts/supervisor-layout/supervisor-layout.ts
9415a700bff2caa2db22890016c611d7bcf691ee3e5e5fbf9f99c4445982bf18	frontend/src/app/shared/layouts/teacher-layout/teacher-layout.html
e3b0c44298fc1c149afbf4c8996fb92427ae41e4649b934ca495991b7852b855	frontend/src/app/shared/layouts/teacher-layout/teacher-layout.scss
aacd3e8c5388cf55ee3c2966617303a8471bb4aceece4587a222b01c9bc8fcd2	frontend/src/app/shared/layouts/teacher-layout/teacher-layout.ts
b069a072c1601a784abe432cfa3415e49c61ae6350319bf482d2d7bd30f49cab	frontend/src/app/shared/ui/page-states/feature-placeholder.component.ts
a31060769ce5d9eb2abffa0eeda5e68ea1d7c01028753652a9a5811a14ed2349	frontend/src/index.html
11aa08e4cde9031e1db246bbdd490c1731a8de35445c648ed6e2de23dc8990b4	frontend/src/styles.scss
d24d861a6c43d32865e253e396cdc0c489327882311c8488aad7b71c335d32d5	frontend/src/tailwind.css
7bd5a14574056cb622f1d5bbbeba3c792957112b3f736f15242957b17f2a5821	tests/day2-shell-contract.test.cjs
82821e2d9abca5809b8666ac86b60f10ddbf618e081ccccb6e8f7fb746857c3e	tests/day2-v1-layout-parity.test.cjs
